{
    "load_model": 2.003939390182495,
    "compile_model": 0.12976694107055664,
    "load_input": 7.343292236328125e-05,
    "encode_input": 0.018573760986328125,
    "generate_llm": 385.52643847465515,
    "decode_outputs": 0.0011298656463623047,
    "n_input_tokens": 4352,
    "n_total_tokens": 9152,
    "n_output_tokens": 4800,
    "output": [
        "Let's sort the given numbers from **smallest to largest**.\n\n### Step 1: List all the numbers\n3572, 3957, 552, 753, 6541, 4069, 9722, 3450, 4421, 9722, 857, 7876, 195, 8549, 2859, 4387, 1488, 761, 1460, 2777\n\nNote: 9722 appears **twice**,",
        "Let's sort the given numbers from **smallest to largest**.\n\nThe numbers are:\n\n109, 516, 3002, 9020, 9428, 7512, 1788, 4320, 3395, 5228, 4398, 5080, 3045, 4183, 3035, 4866, 5941, 2366, 6232, 4108\n\n---\n\n### Step 1: List all numbers clearly\nWe'll go through",
        "Let's sort the given numbers from **smallest to largest**.\n\nThe numbers are:\n\n1732, 4491, 9430, 3899, 7946, 8111, 8611, 6570, 9716, 5175, 5278, 9225, 2371, 1063, 3449, 9666, 3087, 7152, 5172, 2013\n\n---\n\n### Step 1: List all numbers clearly\nWe'll",
        "Let's sort the given numbers from **smallest to largest**.\n\nThe numbers are:\n\n4311, 1805, 2145, 100, 9573, 8607, 7831, 6678, 7619, 8190, 2938, 1115, 6561, 7173, 2060, 537, 6592, 6940, 7278, 1355\n\n---\n\n### Step 1: List all numbers clearly\n100  \n",
        "Let's sort the given numbers from **smallest to largest**.\n\nThe numbers are:\n\n5864, 995, 5130, 1589, 5614, 5297, 4012, 9281, 2694, 2622, 6911, 8963, 7618, 3489, 3619, 5601, 1646, 6683, 5916, 4030\n\n---\n\n### Step 1: List all numbers clearly\n995",
        "Let's sort the given numbers from **smallest to largest**.\n\nThe numbers are:\n\n198, 9431, 4203, 3850, 4095, 7830, 9234, 1526, 7569, 272, 3762, 6671, 3564, 6162, 9777, 3335, 3731, 8593, 6808, 4116\n\n---\n\n### Step 1: List all numbers clearly\n272,",
        "Let's sort the given numbers from **smallest to largest**.\n\nThe numbers are:\n\n2902, 3058, 3148, 3410, 6349, 8719, 6107, 133, 7291, 6691, 4170, 5326, 3739, 1902, 6800, 3323, 3775, 4753, 5673, 2983\n\n---\n\n### Step 1: Identify the smallest number\nLook for the",
        "Let's sort the given numbers from **smallest to largest**.\n\nThe numbers are:\n\n3962, 8259, 6281, 9730, 8247, 9782, 1867, 2156, 3243, 5459, 6032, 6353, 3710, 9255, 7693, 4814, 1959, 9446, 8370, 1660\n\n---\n\n### Step 1: List all numbers clearly\n18",
        "Let's sort the given numbers from **smallest to largest**.\n\nThe numbers are:\n\n4217, 3578, 1951, 3871, 4238, 1965, 300, 13, 5869, 8937, 2963, 1450, 8156, 2315, 1507, 6923, 1306, 767, 1001, 3916\n\n---\n\n### Step 1: List all numbers clearly\n300, 1",
        "Let's sort the given numbers from **smallest to largest**.\n\nThe numbers are:\n\n6604, 7935, 3659, 1586, 3563, 6760, 1132, 1667, 2570, 6871, 9871, 6764, 4971, 4178, 1664, 8801, 1261, 9439, 841, 122\n\n---\n\n### Step 1: Identify the smallest number\nLook for the smallest",
        "Let's sort the given numbers from **smallest to largest**.\n\nThe numbers are:\n\n1764, 604, 6144, 6950, 2168, 3627, 9159, 4587, 267, 5006, 9836, 8487, 2881, 6578, 7524, 3875, 8272, 4556, 8819, 3448\n\n---\n\n### Step 1: Identify the smallest number\nLook for the smallest",
        "Let's sort the given numbers from **smallest to largest**.\n\nThe numbers are:\n\n3677, 3642, 4036, 5434, 2532, 4469, 2285, 3343, 6257, 6318, 8271, 2923, 7431, 2498, 4803, 6120, 9392, 8262, 8, 1986\n\n---\n\n### Step 1: Identify the smallest number\nLook for the smallest value",
        "Let's sort the given numbers from **smallest to largest**.\n\nThe numbers are:\n\n4964, 464, 9867, 7665, 3413, 3500, 8532, 7942, 1155, 790, 8773, 3317, 641, 5705, 4192, 9116, 1164, 7623, 7053, 5007\n\n---\n\n### Step 1: List all numbers clearly\nWe'll write them all",
        "Let's sort the given numbers from **smallest to largest**.\n\nThe numbers are:\n\n8730, 6794, 9263, 7370, 7176, 8387, 5072, 6306, 8136, 4665, 152, 7209, 8265, 8316, 3838, 649, 6193, 5280, 935, 8971\n\n---\n\n### Step 1: Identify the smallest numbers\n\nLook for the smallest values",
        "Let's sort the given numbers from **smallest to largest**.\n\nThe numbers are:\n\n5683, 3035, 5210, 2666, 2639, 3263, 7949, 6889, 2635, 1061, 5696, 1554, 807, 8191, 6782, 7960, 3854, 6669, 6622, 8638\n\n---\n\n### Step 1: Identify the smallest number\nLook for the",
        "Let's sort the given numbers from **smallest to largest**.\n\nThe numbers are:\n\n5918, 8801, 4380, 6093, 1413, 3841, 3426, 2243, 6986, 8825, 1306, 5035, 1996, 2166, 3817, 7585, 2325, 9787, 3772, 2478\n\n---\n\n### Step 1: List all numbers clearly\n14",
        "Let's sort the given numbers from **smallest to largest**.\n\nThe numbers are:\n\n2352, 9162, 2845, 5990, 1913, 6429, 7993, 3464, 3203, 4194, 6660, 6545, 8558, 5567, 8010, 1589, 9898, 859, 7370, 9303\n\n---\n\n### Step 1: Identify the smallest number\nLook for the",
        "Let's sort the given numbers from **smallest to largest**.\n\nThe numbers are:\n\n2208, 988, 351, 7337, 9036, 351, 9343, 1181, 1900, 7788, 9816, 304, 4094, 4476, 9631, 4894, 6496, 7586, 7766, 1108\n\n---\n\n### Step 1: Identify duplicates\nWe see **351** appears",
        "Let's sort the given numbers from **smallest to largest**.\n\nThe numbers are:\n\n4122, 6805, 8914, 4154, 4786, 5912, 9030, 859, 1996, 6289, 2245, 4704, 4749, 7127, 4625, 4929, 2854, 1996, 4569, 2194\n\n---\n\n### Step 1: Identify duplicates\nWe see **19",
        "Let's sort the given numbers from **smallest to largest**.\n\nThe numbers are:\n\n2709, 8050, 5820, 3816, 1593, 6702, 9535, 3731, 703, 6782, 9642, 5172, 1123, 1228, 4729, 4467, 11, 77, 1172\n\n---\n\n### Step 1: Identify the smallest numbers\n\nLook for the smallest values:\n\n- 11\n- ",
        "Let's sort the given numbers from **smallest to largest**.\n\nThe numbers are:\n\n6809, 7303, 8181, 6320, 2316, 7053, 64, 5123, 8159, 8492, 3636, 9506, 2860, 7679, 5452, 2914, 8735, 3335, 1151, 9778\n\n---\n\n### Step 1: Identify the smallest number\nLook for the smallest",
        "Let's sort the given numbers from **smallest to largest**.\n\nThe numbers are:\n\n6737, 902, 9607, 8205, 5135, 2200, 471, 1939, 4651, 5937, 2127, 7285, 6274, 2581, 9885, 9024, 9667, 9711, 3155, 136\n\n---\n\n### Step 1: List all numbers clearly\n471, ",
        "Let's sort the given numbers from **smallest to largest**.\n\nThe numbers are:\n\n372, 9414, 4145, 2207, 7667, 8610, 8752, 3564, 4361, 8067, 4593, 7551, 4370, 7140, 7512, 5534, 6962, 2792, 6484, 516\n\n---\n\n### Step 1: List all numbers clearly\nWe'll write them",
        "Let's sort the given numbers from **smallest to largest**.\n\nThe numbers are:\n\n8851, 3619, 1243, 622, 7748, 9042, 7203, 9247, 2802, 1754, 7655, 1271, 4632, 9451, 60, 6192, 9320, 3546, 9526, 2436\n\n---\n\n### Step 1: Identify the smallest number\nLook for the smallest value",
        "Let's sort the given numbers from **smallest to largest**.\n\nThe numbers are:\n\n6185, 7058, 4487, 1660, 2098, 8020, 4362, 8519, 1924, 4156, 1158, 5823, 7604, 8332, 7635, 248, 7920, 9566, 4976, 5160\n\n---\n\n### Step 1: Identify the smallest number\nLook for the",
        "Let's sort the given numbers from **smallest to largest**.\n\nThe numbers are:\n\n6614, 6821, 524, 168, 8051, 1626, 2799, 3434, 3833, 1106, 6442, 4678, 4535, 5020, 298, 3334, 3453, 2405, 3229, 7835\n\n---\n\n### Step 1: List all numbers clearly\n168, ",
        "Let's sort the given numbers from **smallest to largest**.\n\nThe numbers are:\n\n8504, 5429, 6658, 3615, 3050, 2237, 1566, 2028, 538, 2441, 4472, 2564, 4475, 3626, 6738, 6985, 8640, 161, 9467, 6488\n\n---\n\n### Step 1: Identify the smallest number\nLook for the smallest",
